{
  "hash": "a1550781",
  "configHash": "9ab6e820",
  "lockfileHash": "6660589e",
  "browserHash": "6669e9b2",
  "optimized": {
    "@angular/common": {
      "src": "../../../../../../node_modules/@angular/common/fesm2022/common.mjs",
      "file": "@angular_common.js",
      "fileHash": "6de6f10d",
      "needsInterop": false
    },
    "@angular/common/http": {
      "src": "../../../../../../node_modules/@angular/common/fesm2022/http.mjs",
      "file": "@angular_common_http.js",
      "fileHash": "3915ec61",
      "needsInterop": false
    },
    "@angular/core": {
      "src": "../../../../../../node_modules/@angular/core/fesm2022/core.mjs",
      "file": "@angular_core.js",
      "fileHash": "c8dba670",
      "needsInterop": false
    },
    "@angular/forms": {
      "src": "../../../../../../node_modules/@angular/forms/fesm2022/forms.mjs",
      "file": "@angular_forms.js",
      "fileHash": "7c81d387",
      "needsInterop": false
    },
    "@angular/platform-browser": {
      "src": "../../../../../../node_modules/@angular/platform-browser/fesm2022/platform-browser.mjs",
      "file": "@angular_platform-browser.js",
      "fileHash": "2615a3f6",
      "needsInterop": false
    },
    "@angular/router": {
      "src": "../../../../../../node_modules/@angular/router/fesm2022/router.mjs",
      "file": "@angular_router.js",
      "fileHash": "58014c72",
      "needsInterop": false
    },
    "sweetalert2": {
      "src": "../../../../../../node_modules/sweetalert2/dist/sweetalert2.esm.all.js",
      "file": "sweetalert2.js",
      "fileHash": "8967f9b6",
      "needsInterop": false
    },
    "zone.js": {
      "src": "../../../../../../node_modules/zone.js/fesm2015/zone.js",
      "file": "zone__js.js",
      "fileHash": "451ce5b3",
      "needsInterop": true
    },
    "tslib": {
      "src": "../../../../../../node_modules/tslib/tslib.es6.mjs",
      "file": "tslib.js",
      "fileHash": "0f9502ae",
      "needsInterop": false
    }
  },
  "chunks": {
    "chunk-RD5PMTRM": {
      "file": "chunk-RD5PMTRM.js"
    },
    "chunk-JNANMVVS": {
      "file": "chunk-JNANMVVS.js"
    },
    "chunk-5S6ABIN5": {
      "file": "chunk-5S6ABIN5.js"
    },
    "chunk-5KK3G4LL": {
      "file": "chunk-5KK3G4LL.js"
    },
    "chunk-O2PW6YZ3": {
      "file": "chunk-O2PW6YZ3.js"
    },
    "chunk-6KNO4II2": {
      "file": "chunk-6KNO4II2.js"
    },
    "chunk-WDMUDEB6": {
      "file": "chunk-WDMUDEB6.js"
    }
  }
}